"","node","tree","date","branch"
"1","4.2.4.2","walnut2","date1","main"
"2","6.2.2","walnut2","date1","branch"
"3","8.4.4","memorialoak","date1","branch"
"4","8.6*5","memorialoak","date1","main"
"5","9.8","memorialoak","date1","main"
"6","3.5.1.1","walnut2","date2","main"
"7","4.2.10","walnut2","date2","branch"
"8","4.2.4","walnut2","date2","main"
"9","4.2.4.2","walnut2","date2","main"
"10","6.2.2","walnut2","date2","branch"
"11","7.3*1","walnut2","date2","main"
"12","5.11.1","memorialoak","date2","main"
"13","8.4.4","memorialoak","date2","branch"
"14","8.6*5","memorialoak","date2","main"
