"","node","tree","date","branch","main.nodeto","branch.nodeto"
"1","13","walnut2","date1","branch","13.1","13.1"
"2","8.3.3","memorialoak","date1","branch","end","end"
"3","8.1.3","memorialoak","date2","branch","8.1.3.1","8.1.3.1"
"4","9.21","memorialoak","date2","branch","9.21.1","9.21.1"
"5","9.22","memorialoak","date2","main","end","end"
"6","1.3","elm","date2","main","end","end"
"7","14","elm","date2","branch","14.1","14.1"
"8","15","elm","date2","branch","15.1","15.1"
"9","4.3","elm","date2","main","4.3.1","4.3.1"
"10","3.5.7.1.1","walnut2","date1","branch","end","end"
"11","4.2.1","walnut2","date1","branch","4.2.2","end"
"12","4.2.2","walnut2","date1","branch","4.2.4","end"
"13","4.2.4.2","walnut2","date1","branch","4.2.4.3","end"
"14","1.2","memorialoak","date1","branch","1.3","end"
"15","1.9*5","memorialoak","date1","branch","1.1","end"
"16","13.2","memorialoak","date1","branch","13.4","end"
"17","8.1.2.4","memorialoak","date1","branch","end","end"
"18","8.2.2","memorialoak","date1","branch","8.2.3","end"
"19","8.2.4.2","memorialoak","date1","branch","8.2.4.3","end"
"20","8.2.9","memorialoak","date1","branch","8.2.10","end"
"21","8.4.*1","memorialoak","date1","branch","8.4.1","end"
"22","8.4.*55","memorialoak","date1","branch","8.4.2","end"
"23","8.4.1*5","memorialoak","date1","branch","8.4.3","end"
"24","8.6*55","memorialoak","date1","branch","8.7","end"
"25","9.10","memorialoak","date1","branch","9.13","end"
"26","9.13","memorialoak","date1","branch","9.14","end"
"27","14.1","elm","date1","branch","14.3","end"
"28","2.4","elm","date1","main","2.5","2.4.1"
"29","1.7.3","walnut2","date2","branch","end","end"
"30","11.1","walnut2","date2","branch","end","end"
"31","11.3","walnut2","date2","branch","end","end"
"32","3.5.7.1.1","walnut2","date2","branch","end","end"
"33","3.5.7.1.1","walnut2","date2","main","end","end"
"34","4.2.2","walnut2","date2","branch","end","end"
"35","4.2.4.2","walnut2","date2","branch","end","end"
"36","6.4.6*1.1","walnut2","date2","main","end","end"
"37","7.1.1*1","walnut2","date2","branch","end","end"
"38","7.4*1","walnut2","date2","branch","end","end"
"39","1.16","memorialoak","date2","branch","end","end"
"40","1.2","memorialoak","date2","branch","end","end"
"41","1.3.1.1","memorialoak","date2","branch","end","end"
"42","10.1.5","memorialoak","date2","branch","end","end"
"43","13.2","memorialoak","date2","branch","end","end"
"44","5.13","memorialoak","date2","branch","end","end"
"45","5.7.4","memorialoak","date2","branch","end","end"
"46","8.1.2.4","memorialoak","date2","branch","end","end"
"47","8.2.1","memorialoak","date2","branch","end","end"
"48","8.2.2","memorialoak","date2","branch","end","end"
"49","8.2.4.2","memorialoak","date2","branch","end","end"
"50","8.2.4.3.1","memorialoak","date2","branch","end","end"
"51","8.2.8","memorialoak","date2","branch","end","end"
"52","8.2.9","memorialoak","date2","branch","end","end"
"53","8.4.*1","memorialoak","date2","branch","end","end"
"54","8.4.*55","memorialoak","date2","branch","end","end"
"55","8.5.1.1","memorialoak","date2","branch","end","end"
"56","9.10","memorialoak","date2","branch","end","end"
"57","3.2.*5","elm","date2","branch","end","end"
"58","4.1","elm","date2","branch","end","end"
